policy,feature,importance_mean
CTBO-only,DIFFUSE_END_FRACTION,1.7755480869619458
CTBO-only,DACCS_SCENARIO_£391,0.1394791209359297
CTBO-only,celc,0.018768617232912132
CTBO-only,CAPEX_m,0.0055425907254413416
CTBO-only,discount_rate_ccs,0.0017216411480289369
CTBO-only,cgas,0.0016470102453884823
CTBO-only,ccgt_efficiency,0.0016361064293071343
CTBO-only,pcomp_liquefy,0.0012161602720798432
CTBO-only,capture_rate,0.0011505657816520964
CTBO-only,pcomp,0.0011418832653203315
CTBO-only,cliquefy,0.0010681054592878436
CTBO-only,CAPEX_bioboiler,0.0009701764516435174
CTBO-only,CEPCI_2025,0.0008258073220341148
CTBO-only,drax_efficiency_loss,0.0007945982710356828
CTBO-only,camine,0.00069782068542489
CTBO-only,cHCN,0.0005803986536059477
CTBO-only,FLH_waste,0.0005436311265057392
CTBO-only,fraction_limestone,0.0005226981876542414
CTBO-only,drax_efficiency,0.000479097897908648
CTBO-only,transport_uncertainty,0.0004228577961344626
CTBO-only,cHRSG,0.0004156346994590813
CTBO-only,ccgt_efficiency_loss,0.0004120621684456279
CTBO-only,FLH_industry,0.0003859262684140126
CTBO-only,cstraw,0.0003753299809296044
CTBO-only,qreb,0.00036765437657575634
CTBO-only,NETL_2025,0.00036432128677791703
CTBO-only,fixate_CAPEX,0.00035360084022239185
CTBO-only,cstorage,0.00030530842008425857
CTBO-only,fraction_fossil_waste,0.0002954949745502163
CTBO-only,lifetime_ccs,0.0002537886376447103
CTBO-only,CAPEX_gasboiler,0.0001882144759559612
ETS-eq,DIFFUSE_END_FRACTION,1.6571000011124026
ETS-eq,DACCS_SCENARIO_£391,0.1447477777298505
ETS-eq,celc,0.03745203751091988
ETS-eq,CAPEX_m,0.01879082840929643
ETS-eq,discount_rate_ccs,0.007189366176797708
ETS-eq,cgas,0.005563980637859974
ETS-eq,ccgt_efficiency,0.0023380055302704428
ETS-eq,CAPEX_bioboiler,0.0022729954198916955
ETS-eq,cliquefy,0.0021305560731887385
ETS-eq,pcomp,0.0018694413550449744
ETS-eq,capture_rate,0.001831100159141295
ETS-eq,fraction_fossil_waste,0.0018231024214299858
ETS-eq,CEPCI_2025,0.0016600004501178174
ETS-eq,transport_uncertainty,0.0014083682878151167
ETS-eq,drax_efficiency_loss,0.0013926218699969277
ETS-eq,cHCN,0.0013761397560124178
ETS-eq,fraction_limestone,0.001148959306046397
ETS-eq,drax_efficiency,0.001140362154459118
ETS-eq,camine,0.001100125096602067
ETS-eq,NETL_2025,0.0009969088791301577
ETS-eq,qreb,0.0009915795720986293
ETS-eq,ccgt_efficiency_loss,0.0009840252646786396
ETS-eq,pcomp_liquefy,0.0008881927990308883
ETS-eq,cstorage,0.0008863851603439591
ETS-eq,FLH_waste,0.00081962384227006
ETS-eq,cstraw,0.0007110326523403395
ETS-eq,FLH_industry,0.000659108377858921
ETS-eq,fixate_CAPEX,0.000648156995040422
ETS-eq,lifetime_ccs,0.0006443189509760435
ETS-eq,cHRSG,0.0006420749416957324
ETS-eq,CAPEX_gasboiler,0.00045737575327740404
£100-Mix,DIFFUSE_END_FRACTION,1.7648431693824778
£100-Mix,DACCS_SCENARIO_£391,0.1507613310412634
£100-Mix,celc,0.018694793950003064
£100-Mix,CAPEX_m,0.0064146022669730185
£100-Mix,cgas,0.001856127466167858
£100-Mix,ccgt_efficiency,0.00181732547150118
£100-Mix,discount_rate_ccs,0.0017868105869948692
£100-Mix,pcomp,0.001144988755943081
£100-Mix,capture_rate,0.001124179176419234
£100-Mix,pcomp_liquefy,0.0011029564819921012
£100-Mix,CAPEX_bioboiler,0.0011012149342258342
£100-Mix,cliquefy,0.0010673566975918185
£100-Mix,camine,0.0008236079911077832
£100-Mix,CEPCI_2025,0.000750948387290414
£100-Mix,drax_efficiency_loss,0.0007321443822047488
£100-Mix,cHCN,0.0006227553141718208
£100-Mix,FLH_waste,0.0006098291153884458
£100-Mix,drax_efficiency,0.0005757397034619657
£100-Mix,fraction_limestone,0.0005655368705367129
£100-Mix,qreb,0.00045778529115691097
£100-Mix,ccgt_efficiency_loss,0.0004448170027747944
£100-Mix,FLH_industry,0.000411626894223129
£100-Mix,transport_uncertainty,0.00040780773395087305
£100-Mix,cHRSG,0.0004006380859267744
£100-Mix,cstraw,0.0003985023760145016
£100-Mix,NETL_2025,0.00037271742417947323
£100-Mix,fixate_CAPEX,0.00034095443870712133
£100-Mix,fraction_fossil_waste,0.00032412595359332386
£100-Mix,cstorage,0.0003114442097683634
£100-Mix,lifetime_ccs,0.00024378910392567713
£100-Mix,CAPEX_gasboiler,0.0001719969611170454
£200-Mix,DIFFUSE_END_FRACTION,1.7572543011084527
£200-Mix,DACCS_SCENARIO_£391,0.15915879963259372
£200-Mix,celc,0.01866113860507193
£200-Mix,CAPEX_m,0.00721085519989359
£200-Mix,cgas,0.001975668273619604
£200-Mix,discount_rate_ccs,0.001852364669250789
£200-Mix,ccgt_efficiency,0.0018472578355803737
£200-Mix,pcomp,0.0012063761798720707
£200-Mix,CAPEX_bioboiler,0.0011486652789519751
£200-Mix,capture_rate,0.0011215530963860354
£200-Mix,pcomp_liquefy,0.001047130407700723
£200-Mix,cliquefy,0.001018639969620705
£200-Mix,camine,0.0008373209502404999
£200-Mix,CEPCI_2025,0.0007895536331205544
£200-Mix,drax_efficiency_loss,0.0006715171421196875
£200-Mix,FLH_waste,0.0006327316856399497
£200-Mix,cHCN,0.000572950830120165
£200-Mix,drax_efficiency,0.0005685827029690652
£200-Mix,fraction_limestone,0.0005190486626018842
£200-Mix,qreb,0.0005021363066938326
£200-Mix,transport_uncertainty,0.0004924386965461288
£200-Mix,ccgt_efficiency_loss,0.00044110089991855617
£200-Mix,cHRSG,0.0004259622852012072
£200-Mix,cstraw,0.0003997926687993962
£200-Mix,FLH_industry,0.00039878402422701315
£200-Mix,NETL_2025,0.0003733952261080753
£200-Mix,fraction_fossil_waste,0.000362139189437477
£200-Mix,fixate_CAPEX,0.00035389475696444755
£200-Mix,cstorage,0.00032362875746080877
£200-Mix,lifetime_ccs,0.00026117607947900856
£200-Mix,CAPEX_gasboiler,0.00015757909817383972
£300-Mix,DIFFUSE_END_FRACTION,1.756333693379896
£300-Mix,DACCS_SCENARIO_£391,0.18075588899301778
£300-Mix,celc,0.016492574987330588
£300-Mix,CAPEX_m,0.00334498385104548
£300-Mix,cgas,0.0021104453575784
£300-Mix,discount_rate_ccs,0.0018800941893628298
£300-Mix,ccgt_efficiency,0.0013440071450928532
£300-Mix,pcomp_liquefy,0.0012030860860604842
£300-Mix,capture_rate,0.0011698202398535325
£300-Mix,cliquefy,0.0011434958959612533
£300-Mix,pcomp,0.00094344789754409
£300-Mix,CAPEX_bioboiler,0.0009294391826583648
£300-Mix,camine,0.000821949422531378
£300-Mix,CEPCI_2025,0.0007988584794883421
£300-Mix,drax_efficiency_loss,0.0007542322849086088
£300-Mix,FLH_waste,0.0006212773498176968
£300-Mix,cHCN,0.0005335597425221716
£300-Mix,drax_efficiency,0.0005233922935869347
£300-Mix,FLH_industry,0.0005059487578834565
£300-Mix,fraction_limestone,0.0004965705709399267
£300-Mix,ccgt_efficiency_loss,0.00046946001298224055
£300-Mix,qreb,0.0004476455523562406
£300-Mix,transport_uncertainty,0.000429775501686408
£300-Mix,cHRSG,0.00038713634861299123
£300-Mix,fraction_fossil_waste,0.00037120965884398133
£300-Mix,NETL_2025,0.0003504154284261392
£300-Mix,fixate_CAPEX,0.0003438785176278029
£300-Mix,cstraw,0.00032433801327624856
£300-Mix,lifetime_ccs,0.00032082156823642904
£300-Mix,cstorage,0.0002912208115068889
£300-Mix,CAPEX_gasboiler,0.00021577578026748165
