site-stack,ktCO2f_yr_baseline,ktCO2bio_yr_baseline,ktCO2f_yr_captured,ktCO2bio_yr_captured,ktCO2_yr_cumulative,ktCO2f_yr_residual,EUR/tCO2
Tees Valley-W2E,320.35710000000006,368.5829,304.33924500000006,350.153755,654.493,16.017855000000015,101.78762348450284
Wilton 11-W2E,188.20410000000004,216.53589999999997,178.79389499999996,205.70910499999994,1038.996,9.410205000000008,106.26685504355898
Runcorn-W2E,433.37070000000006,498.60929999999996,411.702165,473.6788349999999,1924.377,21.668535000000023,107.65861694170593
Riverside-W2E,360.0030000000001,414.19699999999995,342.00285,393.48714999999993,2659.867,18.000150000000016,109.3605782671274
Ferrybridge FM1-W2E,300.3063000000001,345.5137,285.29098500000003,328.23801499999996,3273.396,15.015315000000015,112.19107542656172
Ferrybridge FM2-W2E,298.48350000000005,343.4164999999999,283.559325,326.24567499999995,3883.201,14.924175000000016,112.2382832970273
Kemsley-W2E,257.9262,296.75379999999996,245.02989000000002,281.91610999999995,4410.147,12.896310000000014,112.33371715034878
Allington-W2E,213.26760000000004,245.37239999999994,202.60422000000003,233.10377999999997,4845.855,10.663380000000009,112.35339185064072
Edmonton-W2E,220.55880000000005,253.76119999999995,209.53086,241.07313999999997,5296.459,11.027940000000012,113.9308994567351
SELCHP-W2E,178.17870000000002,205.0013,169.269765,194.75123499999998,5660.48,8.908935000000008,115.89402472748891
Rookery South C-W2E,268.86300000000006,309.337,255.41985,293.8701499999999,6209.7699999999995,13.44315000000001,116.14613163956976
North Hykeham-W2E,80.65890000000002,92.80109999999999,76.625955,88.16104499999999,6374.557,4.032945000000004,116.3359206634951
Lakeside-W2E,188.20410000000004,216.53589999999997,178.79389499999996,205.70910499999994,6759.0599999999995,9.410205000000008,116.44364232288788
Trident Park-W2E,187.29270000000002,215.48729999999995,177.92806500000003,204.712935,7141.700999999999,9.364635000000009,117.56061682782703
Beddington Lane-W2E,150.83670000000004,173.54329999999996,143.29486500000002,164.86613499999999,7449.861999999999,7.541835000000007,117.56615567834582
Allerton Park-W2E,123.49470000000001,142.08529999999996,117.31996499999998,134.98103499999996,7702.162999999999,6.174735000000005,118.02222175392326
Severnside-W2E,182.73570000000004,210.24429999999998,173.598915,199.73208499999998,8075.493999999999,9.136785000000009,118.19595262630908
Avonmouth-W2E,178.17870000000002,205.0013,169.269765,194.75123499999998,8439.515,8.908935000000008,118.43822154732113
Tyseley-W2E,165.41910000000004,190.32089999999997,157.148145,180.80485499999995,8777.467999999999,8.270955000000008,119.70336421916927
Great Blakenham-W2E,134.43150000000003,154.6685,127.709925,146.93507499999996,9052.113,6.721575000000005,120.41051259825336
Four Ashes-W2E,150.83670000000004,173.54329999999996,143.29486500000002,164.86613499999999,9360.274,7.541835000000007,120.64597288130064
Ardley-W2E,154.93800000000002,178.26199999999997,147.19109999999998,169.34889999999996,9676.813999999998,7.746900000000007,121.17104715543941
Coventry-W2E,133.06440000000003,153.0956,126.41118,145.44081999999997,9948.666,6.653220000000006,123.20196967578487
Greatmoor-W2E,125.77320000000003,144.7068,119.48454000000001,137.47145999999998,10205.622,6.288660000000007,123.43597805780897
Marchwood-W2E,95.24130000000001,109.57869999999998,90.47923499999999,104.09976499999998,10400.201,4.762065000000004,125.39526977583233
Portsmouth-W2E,86.58300000000001,99.61699999999998,82.25384999999999,94.63614999999996,10577.090999999999,4.329150000000004,126.69970440794668
Eastcroft-W2E,84.76020000000001,97.51979999999999,80.52219,92.64380999999997,10750.256999999998,4.238010000000004,130.48243514641194
Dunbar-W2E,162.22920000000002,186.65079999999998,154.11774,177.31825999999995,11081.692999999997,8.111460000000006,130.61120440239927
Millerhill-W2E,74.27910000000001,85.4609,70.565145,81.18785499999998,11233.445999999998,3.713955000000003,130.69790572997533
Parc Adfer-W2E,94.32990000000002,108.53009999999999,89.61340500000001,103.103595,11426.162999999999,4.7164950000000045,131.28157227785067
Newhurst-W2E,135.79860000000002,156.2414,129.00867,148.42932999999996,11703.600999999999,6.789930000000006,131.41300598124064
Kirklees-W2E,60.152400000000014,69.2076,57.14477999999999,65.74721999999997,11826.492999999999,3.0076200000000024,133.237199144462
Leeds-W2E,81.11460000000001,93.32539999999999,77.05887,88.65912999999998,11992.211,4.055730000000003,134.8662210408146
Newhaven-W2E,96.60840000000002,111.15159999999997,91.77797999999999,105.59401999999996,12189.582999999999,4.830420000000005,136.05257814865814
Hanford-W2E,84.30450000000002,96.99549999999999,80.08927500000001,92.145725,12361.818,4.215225000000004,136.18336096606959
Chineham-W2E,46.93710000000001,54.00289999999999,44.590245,51.30275499999999,12457.711,2.346855000000003,138.11998195182858
Baldovie-W2E,85.67160000000001,98.5684,81.38802,93.63997999999998,12632.739,4.283580000000003,139.16830107687866
Wolverhampton-W2E,44.658600000000014,51.38139999999999,42.425670000000004,48.812329999999996,12723.976999999999,2.2329300000000023,139.97624366762085
NewLincs-W2E,25.519200000000005,29.360799999999998,24.24324,27.892759999999992,12776.113,1.275960000000001,142.12744126267734
Hartlebury-W2E,95.69700000000002,110.103,90.91214999999998,104.59784999999997,12971.623,4.784850000000004,143.81070151738243
Javelin Park-W2E,85.67160000000001,98.5684,81.38802,93.63997999999998,13146.651,4.283580000000003,143.9888845249818
Milton Keynes ACT-W2E,36.9117,42.46829999999999,35.066115,40.344885,13222.062,1.8455850000000018,144.09924662685583
Sheffield-W2E,105.26670000000001,121.11329999999998,100.003365,115.05763499999998,13437.123,5.263335000000005,146.32769283509032
Peterborough-W2E,38.734500000000004,44.56549999999999,36.797774999999994,42.33722499999999,13516.258,1.9367250000000018,146.5465542522697
Dudley-W2E,31.443300000000008,36.1767,29.871135000000002,34.367864999999995,13580.497,1.5721650000000018,148.5642166879992
Belfast ACT-W2E,51.03840000000001,58.721599999999995,48.48648,55.785519999999984,13684.769,2.551920000000002,150.08540519838147
Devonport-W2E,117.11490000000002,134.74509999999998,111.259155,128.00784499999997,13924.036,5.855745000000005,151.18273884779353
Cornwall-W2E,108.91230000000002,125.30769999999998,103.46668499999998,119.04231499999996,14146.545,5.4456150000000045,151.928760191673
Baddesley-W2E,43.74720000000001,50.33279999999999,41.55984,47.816159999999996,14235.921,2.1873600000000017,157.16144500458915
Battlefield-W2E,41.924400000000006,48.23559999999999,39.82818,45.82381999999999,14321.573,2.096220000000002,158.37277179236858
Scunthorpe Blast Furnaces-stove,1046.557701918,0.0,994.2298168221001,0.0,15315.8028168221,52.32788509590005,161.5130054259424
Drax-BECCS,0.0,11500.0,0.0,10924.999999999998,26240.8028168221,0.0,166.3366310209113
Exeter-W2E,28.709100000000007,33.030899999999995,27.273645000000002,31.379354999999993,26299.455816822097,1.4354550000000013,169.25673824870182
Levenseat ACT-W2E,26.430600000000005,30.409399999999998,25.10907,28.888929999999995,26353.453816822097,1.3215300000000014,171.79729877709758
South Killingholme-crackers,401.43767110799996,0.0,381.3657875526,0.0,26734.819604374698,20.071883555400017,171.84586372829457
Energy Works ACT-W2E,14.126700000000001,16.253299999999996,13.420365,15.440634999999999,26763.6806043747,0.7063350000000007,172.1955533331276
Hooton Park ACT-W2E,37.3674,42.992599999999996,35.499030000000005,40.842969999999994,26840.0226043747,1.8683700000000016,173.65884319562352
South Killingholme-smr,236.84822595371998,0.0,225.00581465603398,0.0,27065.028419030732,11.842411297686011,174.4725469245314
Eco Park ACT-W2E,14.582400000000002,16.777599999999996,13.85328,15.938719999999996,27094.820419030733,0.7291200000000005,174.82349741466987
Bolton-W2E,36.9117,42.46829999999999,35.066115,40.344885,27170.231419030733,1.8455850000000018,176.1025645184296
Pembroke Power Station-CCGT,5291.35873746,0.0,5026.790800587,0.0,32197.022219617735,264.56793687300024,176.52330006699785
South Killingholme-distillation,341.2220204418,0.0,324.16091941971,0.0,32521.183139037446,17.061101022090014,177.1387927745813
Enfield Power Station-CCGT,848.83069347,0.0,806.3891587964999,0.0,33327.57229783395,42.44153467350004,177.24416081653524
Saltend-CCGT,2294.461504098,0.0,2179.7384288931,0.0,35507.310726727046,114.72307520490008,177.61287938342818
South Killingholme-power,598.1421299509199,0.0,568.235023453374,0.0,36075.54575018042,29.907106497546025,178.25140228186373
Stanlow Refinery-crackers,371.287057392,0.0,352.72270452239997,0.0,36428.26845470282,18.564352869600018,179.01721536056897
Lindsey Oil Refinery-crackers,183.1565852676,0.0,173.99875600422,0.0,36602.26721070704,9.15782926338001,179.37461109204455
South Killingholme-remaining,377.35141084152,0.0,358.48384029944395,0.0,36960.75105100648,18.867570542076013,179.54523060990707
Stanlow Refinery-smr,219.05936386127996,0.0,208.10639566821592,0.0,37168.8574466747,10.952968193064008,181.82614942203034
Tunstead Cement-cement,654.1254498300001,0.0,621.4191773385,0.0,37790.276624013204,32.70627249150003,183.27314024741742
Staythorpe Power Station-CCGT,3574.179279096,0.0,3395.4703151412,0.0,41185.74693915441,178.70896395480017,183.88964090868342
Stanlow Refinery-distillation,315.5939987832,0.0,299.81429884404,0.0,41485.561237998445,15.779699939160013,184.41490579837628
Lindsey Oil Refinery-smr,108.062385307884,0.0,102.6592660424898,0.0,41588.22050404093,5.4031192653942055,184.65292949774957
Stanlow Refinery-power,553.2177155140799,0.0,525.5568297383759,0.0,42113.777333779304,27.660885775704017,185.4331979800247
Lindsey Oil Refinery-power,272.90331204872405,0.0,259.2581464462878,0.0,42373.03548022559,13.645165602436213,185.55462351218594
Lindsey Oil Refinery-distillation,155.68309747746002,0.0,147.89894260358702,0.0,42520.934422829174,7.784154873873008,185.96345036668157
Stanlow Refinery-remaining,349.00983394848,0.0,331.55934225105597,0.0,42852.49376508023,17.450491697424017,186.82760621456
Ketton-cement,668.926674294,0.0,635.4803405793001,0.0,43487.97410565953,33.44633371470003,187.0194468786867
Lindsey Oil Refinery-remaining,172.16719015154402,0.0,163.55883064396681,0.0,43651.5329363035,8.60835950757721,188.3212268977187
Grangemouth Refinery-crackers,203.58509889360005,0.0,193.40584394892005,0.0,43844.93878025242,10.179254944680011,188.5889514458767
Pembroke Refinery-crackers,477.0185781144001,0.0,453.1676492086801,0.0,44298.1064294611,23.850928905720025,189.05889919100994
Pembroke Refinery-smr,281.440961087496,0.0,267.3689130331212,0.0,44565.47534249422,14.072048054374811,191.32875735846847
Grangemouth Refinery-smr,120.115208347224,0.0,114.1094479298628,0.0,44679.58479042408,6.005760417361206,193.38051344027733
Pembroke Refinery-distillation,405.4657913972401,0.0,385.192501827378,0.0,45064.777292251456,20.273289569862023,194.13458440132914
Cauldon Cement-cement,537.1638143700001,0.0,510.30562365149996,0.0,45575.08291590295,26.858190718500026,194.5825762932821
Grangemouth Refinery-power,303.34179735146404,0.0,288.1747074838908,0.0,45863.257623386846,15.167089867573216,194.85291776486855
Grangemouth Refinery-distillation,173.04733405956003,0.0,164.39496735658201,0.0,46027.652590743426,8.65236670297801,194.9656396687068
Pembroke Refinery-power,710.757681390456,0.0,675.2197973209334,0.0,46702.87238806436,35.53788406952283,195.42392722439496
NESS-W2E,45.11430000000001,51.90569999999999,42.858585,49.31041499999999,46795.04138806436,2.255715000000002,195.9986175513373
Pembroke Refinery-remaining,448.3974634275361,0.0,425.97759025615926,0.0,47221.01897832052,22.41987317137682,196.52133196180384
Grangemouth Refinery-remaining,191.36999295998402,0.0,181.80149331198479,0.0,47402.820471632505,9.568499647999209,197.34810642170945
Glasgow ACT-W2E,63.79800000000001,73.40199999999999,60.60809999999999,69.73189999999998,47533.1604716325,3.1899000000000033,197.56599305283024
Ballylumford-CCGT,1098.1275788159999,0.0,1043.2211998752,0.0,48576.381671507705,54.906378940800046,203.86248934159406
Spalding-CCGT,1402.98969039,0.0,1332.8402058705,0.0,49909.22187737821,70.14948451950006,209.52637129720216
Seabank-CCGT,1712.020816098,0.0,1626.4197752931002,0.0,51535.64165267131,85.60104080490008,210.1452648247513
Kings Lynn Power Station-CCGT,639.545885214,0.0,607.5685909533,0.0,52143.210243624606,31.977294260700035,211.724990441294
Shoreham Power Station-CCGT,614.802741792,0.0,584.0626047023999,0.0,52727.272848327004,30.740137089600026,220.03364545035484
Cottam Development Centre-CCGT,579.25373385,0.0,550.2910471575,0.0,53277.563895484505,28.96268669250002,224.7078603790935
Grain CCGT-CCGT,1642.807148286,0.0,1560.6667908717,0.0,54838.230686356204,82.14035741430007,235.22734012252127
Langage Energy Centre-CCGT,1157.633406996,0.0,1099.7517366462,0.0,55937.9824230024,57.881670349800046,238.91798237148762
Peterhead Power Station-CCGT,1350.8951019840001,0.0,1283.3503468848,0.0,57221.3327698872,67.54475509920006,256.52759131028927
Isle of Wight-W2E,4.557000000000001,5.242999999999999,4.32915,4.980849999999999,57230.6427698872,0.22785000000000022,280.91008523067717
Rye House-CCGT,483.424019364,0.0,459.2528183958,0.0,57689.895588283,24.171200968200022,320.851363328164
